{"branches": 24.53333333333333, "coverage": 68.79631995911065}