{"branches": 96.22641509433963, "coverage": 98.14814814814815}