{"branches": 76.62337662337663, "coverage": 94.40418679549114}