{"branches": 76.62337662337663, "coverage": 94.60547504025764}