{"branches": 25.066666666666666, "coverage": 72.29746997188857}